{
    "AquaticInformatics_aquarius-sdk-java-time": 181.22162532806396,
    "Asana_java-asana-time": 8606.471269845963,
    "Bernardo-MG_maven-site-fixer-time": 352.72152638435364,
    "Bernardo-MG_velocity-config-tool-time": 372.51012349128723,
    "CycloneDX_cyclonedx-core-java-time": 128.18384218215942,
    "TNG_property-loader-time": 327.8314402103424,
    "awslabs_amazon-sqs-java-extended-client-lib-time": 172.1583993434906,
    "craftercms_core-time": 967.4737439155579,
    "finos_messageml-utils-time": 7408.829410791397,
    "fleipold_jproc-time": 312.2173342704773,
    "hyperledger_fabric-sdk-java-time": 10613.18604183197,
    "jenkinsci_email-ext-plugin-time": 4.1961669921875e-05,
    "jkuhnert_ognl-time": 21038.615292072296,
    "jscep_jscep-time": 306.88483786582947,
    "lamarios_sherdog-parser-time": 258.8014464378357,
    "liquibase_liquibase-oracle-time": 0.0008368492126464844,
    "maxmind_geoip-api-java-time": 4456.788009643555,
    "medcl_elasticsearch-analysis-pinyin-time": 854.9105272293091,
    "mojohaus_build-helper-maven-plugin-time": 1283.9631161689758,
    "mojohaus_properties-maven-plugin-time": 684.8701303005219,
    "mp911de_logstash-gelf-time": 2939.1901602745056,
    "mpatric_mp3agic-time": 15109.47201037407,
    "netceteragroup_trema-core-time": 262.45935106277466,
    "phax_ph-pdf-layout-time": 4780.528713226318,
    "ralscha_extclassgenerator-time": 274.3751645088196,
    "red6_pdfcompare-time": 3721.7304129600525,
    "restfb_restfb-time": 25615.098591804504,
    "steveash_jopenfst-time": 3611.9117624759674,
    "uwolfer_gerrit-rest-java-client-time": 425.8456287384033,
    "visenze_visearch-sdk-java-time": 616.734354019165,
    "wmixvideo_nfe-time": 32603.231307268143
}