{
    "AquaticInformatics_aquarius-sdk-java-8f4edb9": 189.0275843143463,
    "AquaticInformatics_aquarius-sdk-java-8f4edb9-instrument": 39.22198152542114,
    "AquaticInformatics_aquarius-sdk-java-8f4edb9-run-tests": 135.41272258758545,
    "Asana_java-asana-52fef9b": 4180.8695776462555,
    "Asana_java-asana-52fef9b-instrument": 157.6504774093628,
    "Asana_java-asana-52fef9b-run-tests": 4005.9340612888336,
    "Bernardo-MG_maven-site-fixer-60244c0": 37.58292627334595,
    "Bernardo-MG_maven-site-fixer-60244c0-instrument": 5.837180137634277,
    "Bernardo-MG_maven-site-fixer-60244c0-run-tests": 15.454185485839844,
    "Bernardo-MG_velocity-config-tool-26226f5": 32.99681329727173,
    "Bernardo-MG_velocity-config-tool-26226f5-instrument": 4.186413049697876,
    "Bernardo-MG_velocity-config-tool-26226f5-run-tests": 15.699608564376831,
    "CycloneDX_cyclonedx-core-java-d933705": 2239.2216024398804,
    "CycloneDX_cyclonedx-core-java-d933705-instrument": 106.22558736801147,
    "CycloneDX_cyclonedx-core-java-d933705-run-tests": 2114.007794857025,
    "TNG_property-loader-928f414": 182.19932222366333,
    "TNG_property-loader-928f414-instrument": 39.659991979599,
    "TNG_property-loader-928f414-run-tests": 126.93616509437561,
    "awslabs_amazon-sqs-java-extended-client-lib-58fed25": 45.84996032714844,
    "awslabs_amazon-sqs-java-extended-client-lib-58fed25-instrument": 5.613736629486084,
    "awslabs_amazon-sqs-java-extended-client-lib-58fed25-run-tests": 20.327356576919556,
    "craftercms_core-4d394a9": 1391.1375470161438,
    "craftercms_core-4d394a9-instrument": 224.1536729335785,
    "craftercms_core-4d394a9-run-tests": 1147.5833613872528,
    "finos_messageml-utils-b4c75c6": 4833.176265478134,
    "finos_messageml-utils-b4c75c6-instrument": 175.02444410324097,
    "finos_messageml-utils-b4c75c6-run-tests": 4628.782360076904,
    "fleipold_jproc-b872abf": 2204.755411863327,
    "fleipold_jproc-b872abf-instrument": 22.176494598388672,
    "fleipold_jproc-b872abf-run-tests": 2168.784450531006,
    "hyperledger_fabric-sdk-java-da35400": 1533.934895515442,
    "hyperledger_fabric-sdk-java-da35400-instrument": 215.91343688964844,
    "hyperledger_fabric-sdk-java-da35400-run-tests": 1282.9468228816986,
    "jenkinsci_email-ext-plugin-699277c": 1022.9235260486603,
    "jenkinsci_email-ext-plugin-699277c-instrument": 110.88908529281616,
    "jenkinsci_email-ext-plugin-699277c-randoop": 12428.044837713242,
    "jenkinsci_email-ext-plugin-699277c-run-tests": 888.9057538509369,
    "jkuhnert_ognl-5c30e1e": 6140.1639132499695,
    "jkuhnert_ognl-5c30e1e-instrument": 174.6723575592041,
    "jkuhnert_ognl-5c30e1e-run-tests": 5945.906435966492,
    "jscep_jscep-b20e944": 225.20093178749084,
    "jscep_jscep-b20e944-instrument": 115.75221490859985,
    "jscep_jscep-b20e944-run-tests": 90.8109803199768,
    "lamarios_sherdog-parser-aa6806a": 1145.2247576713562,
    "lamarios_sherdog-parser-aa6806a-instrument": 30.28724193572998,
    "lamarios_sherdog-parser-aa6806a-run-tests": 1096.9029326438904,
    "liquibase_liquibase-oracle-6ab7dea": 204.94354128837585,
    "liquibase_liquibase-oracle-6ab7dea-instrument": 102.59082078933716,
    "liquibase_liquibase-oracle-6ab7dea-run-tests": 86.02417802810669,
    "maxmind_geoip-api-java-1030316": 154.48488473892212,
    "maxmind_geoip-api-java-1030316-instrument": 27.075558185577393,
    "maxmind_geoip-api-java-1030316-run-tests": 112.32509994506836,
    "medcl_elasticsearch-analysis-pinyin-01dda56": 358.1544442176819,
    "medcl_elasticsearch-analysis-pinyin-01dda56-instrument": 18.179840564727783,
    "medcl_elasticsearch-analysis-pinyin-01dda56-run-tests": 303.95115756988525,
    "mojohaus_build-helper-maven-plugin-f1fac8c": 1842.8253028392792,
    "mojohaus_build-helper-maven-plugin-f1fac8c-instrument": 41.907179832458496,
    "mojohaus_build-helper-maven-plugin-f1fac8c-run-tests": 1783.4293863773346,
    "mojohaus_properties-maven-plugin-6cf7c2b": 52.64755296707153,
    "mojohaus_properties-maven-plugin-6cf7c2b-instrument": 11.206964254379272,
    "mojohaus_properties-maven-plugin-6cf7c2b-run-tests": 26.88115692138672,
    "mp911de_logstash-gelf-66debd8": 1661.484168767929,
    "mp911de_logstash-gelf-66debd8-instrument": 127.46439099311829,
    "mp911de_logstash-gelf-66debd8-run-tests": 1461.4019870758057,
    "mpatric_mp3agic-407f7a9": 8394.92580795288,
    "mpatric_mp3agic-407f7a9-instrument": 52.73945641517639,
    "mpatric_mp3agic-407f7a9-run-tests": 8323.743901252747,
    "netceteragroup_trema-core-fa9f76d": 572.7635538578033,
    "netceteragroup_trema-core-fa9f76d-instrument": 59.6864972114563,
    "netceteragroup_trema-core-fa9f76d-run-tests": 496.4901170730591,
    "phax_ph-pdf-layout-f2d7b98": 2858.2449865341187,
    "phax_ph-pdf-layout-f2d7b98-instrument": 157.89873552322388,
    "phax_ph-pdf-layout-f2d7b98-run-tests": 2683.5901775360107,
    "ralscha_extclassgenerator-40ad147": 127.43784761428833,
    "ralscha_extclassgenerator-40ad147-instrument": 55.18911790847778,
    "ralscha_extclassgenerator-40ad147-run-tests": 56.35828924179077,
    "red6_pdfcompare-1259ef2": 108.504221200943,
    "red6_pdfcompare-1259ef2-instrument": 54.2898006439209,
    "red6_pdfcompare-1259ef2-run-tests": 40.5053231716156,
    "restfb_restfb-35a34dd": 3155.597996234894,
    "restfb_restfb-35a34dd-instrument": 703.3114042282104,
    "restfb_restfb-35a34dd-run-tests": 2407.9482543468475,
    "steveash_jopenfst-14c4a1d": 208.36085438728333,
    "steveash_jopenfst-14c4a1d-instrument": 60.202308177948,
    "steveash_jopenfst-14c4a1d-run-tests": 133.38392090797424,
    "uwolfer_gerrit-rest-java-client-a0bf7cc": 1300.428095817566,
    "uwolfer_gerrit-rest-java-client-a0bf7cc-instrument": 406.6217522621155,
    "uwolfer_gerrit-rest-java-client-a0bf7cc-run-tests": 875.5357403755188,
    "visenze_visearch-sdk-java-0efcda3": 136.80427980422974,
    "visenze_visearch-sdk-java-0efcda3-instrument": 91.78168821334839,
    "visenze_visearch-sdk-java-0efcda3-run-tests": 28.673662185668945,
    "wmixvideo_nfe-1ccdba7": 12440.020490407944,
    "wmixvideo_nfe-1ccdba7-instrument": 1594.7392382621765,
    "wmixvideo_nfe-1ccdba7-run-tests": 10811.307921409607
}