{
    "AquaticInformatics_aquarius-sdk-java": 52.37112498283386,
    "Asana_java-asana": 211.29841256141663,
    "Bernardo-MG_maven-site-fixer": 7.85369086265564,
    "Bernardo-MG_velocity-config-tool": 6.026214599609375,
    "CycloneDX_cyclonedx-core-java": 143.97773694992065,
    "TNG_property-loader": 54.7865948677063,
    "awslabs_amazon-sqs-java-extended-client-lib": 7.73198938369751,
    "craftercms_core": 301.8965005874634,
    "finos_messageml-utils": 239.81401419639587,
    "fleipold_jproc": 30.466397047042847,
    "hyperledger_fabric-sdk-java": 291.23976373672485,
    "jenkinsci_email-ext-plugin": 347.33360958099365,
    "jkuhnert_ognl": 221.59546279907227,
    "jscep_jscep": 156.18755841255188,
    "lamarios_sherdog-parser": 41.42803740501404,
    "liquibase_liquibase-oracle": 136.03802347183228,
    "maxmind_geoip-api-java": 35.3577196598053,
    "medcl_elasticsearch-analysis-pinyin": 26.659377098083496,
    "mojohaus_build-helper-maven-plugin": 56.899041175842285,
    "mojohaus_properties-maven-plugin": 14.884724378585815,
    "mp911de_logstash-gelf": 169.10733151435852,
    "mpatric_mp3agic": 70.40577244758606,
    "netceteragroup_trema-core": 78.00919651985168,
    "phax_ph-pdf-layout": 212.94175624847412,
    "ralscha_extclassgenerator": 74.78741383552551,
    "red6_pdfcompare": 72.45706868171692,
    "restfb_restfb": 985.3392074108124,
    "steveash_jopenfst": 82.52609467506409,
    "uwolfer_gerrit-rest-java-client": 516.496169090271,
    "visenze_visearch-sdk-java": 115.36578440666199,
    "wmixvideo_nfe": 2011.0294389724731
}