{
    "AquaticInformatics_aquarius-sdk-java": 31.22254729270935,
    "Asana_java-asana": 1395.7553660869598,
    "Bernardo-MG_maven-site-fixer": 134.88417983055115,
    "Bernardo-MG_velocity-config-tool": 52.781156063079834,
    "CycloneDX_cyclonedx-core-java": 17.87064242362976,
    "TNG_property-loader": 47.14037466049194,
    "awslabs_amazon-sqs-java-extended-client-lib": 37.1248197555542,
    "craftercms_core": 275.69307684898376,
    "finos_messageml-utils": 467.69692063331604,
    "fleipold_jproc": 7.174180269241333,
    "hyperledger_fabric-sdk-java": 1368.6818268299103,
    "jenkinsci_email-ext-plugin": 1634.7724962234497,
    "jkuhnert_ognl": 726.9778575897217,
    "jscep_jscep": 28.20228099822998,
    "lamarios_sherdog-parser": 44.46557664871216,
    "liquibase_liquibase-oracle": 5.211999416351318,
    "maxmind_geoip-api-java": 873.7435278892517,
    "medcl_elasticsearch-analysis-pinyin": 94.99430751800537,
    "mojohaus_build-helper-maven-plugin": 181.20386338233948,
    "mojohaus_properties-maven-plugin": 91.66835689544678,
    "mp911de_logstash-gelf": 1565.0494356155396,
    "mpatric_mp3agic": 2506.399420261383,
    "netceteragroup_trema-core": 37.19183707237244,
    "phax_ph-pdf-layout": 175.71372652053833,
    "ralscha_extclassgenerator": 28.540924072265625,
    "red6_pdfcompare": 73.33977270126343,
    "restfb_restfb": 1885.6210882663727,
    "steveash_jopenfst": 229.88405585289001,
    "uwolfer_gerrit-rest-java-client": 219.2527220249176,
    "visenze_visearch-sdk-java": 40.32548499107361,
    "wmixvideo_nfe": 0.3258676528930664
}