{
    "AquaticInformatics_aquarius-sdk-java-r0": 5.562352418899536,
    "AquaticInformatics_aquarius-sdk-java-r1": 5.401591062545776,
    "Asana_java-asana-r0": 39.158570766448975,
    "Asana_java-asana-r1": 27.70235276222229,
    "Bernardo-MG_maven-site-fixer-r0": 3.4507176876068115,
    "Bernardo-MG_maven-site-fixer-r1": 3.6506755352020264,
    "Bernardo-MG_velocity-config-tool-r0": 3.534636974334717,
    "Bernardo-MG_velocity-config-tool-r1": 3.526242733001709,
    "CycloneDX_cyclonedx-core-java-r0": 5.926309823989868,
    "CycloneDX_cyclonedx-core-java-r1": 5.3996429443359375,
    "TNG_property-loader-r0": 5.785074472427368,
    "TNG_property-loader-r1": 5.33474063873291,
    "awslabs_amazon-sqs-java-extended-client-lib-r0": 3.9149248600006104,
    "awslabs_amazon-sqs-java-extended-client-lib-r1": 3.732408285140991,
    "craftercms_core-r0": 13.769612312316895,
    "craftercms_core-r1": 12.232764720916748,
    "finos_messageml-utils-r0": 67.53085613250732,
    "finos_messageml-utils-r1": 56.985997915267944,
    "fleipold_jproc-r0": 4.315679550170898,
    "fleipold_jproc-r1": 3.7783260345458984,
    "hyperledger_fabric-sdk-java-r0": 29.90498924255371,
    "hyperledger_fabric-sdk-java-r1": 29.37395167350769,
    "jenkinsci_email-ext-plugin-r0": 11.978755950927734,
    "jenkinsci_email-ext-plugin-r1": 10.897018909454346,
    "jkuhnert_ognl-r0": 25.521524906158447,
    "jkuhnert_ognl-r1": 9.92129921913147,
    "jscep_jscep-r0": 6.2358198165893555,
    "jscep_jscep-r1": 5.39731764793396,
    "lamarios_sherdog-parser-r0": 42.425978660583496,
    "lamarios_sherdog-parser-r1": 11.093320846557617,
    "liquibase_liquibase-oracle-r0": 5.203153133392334,
    "liquibase_liquibase-oracle-r1": 4.768679857254028,
    "maxmind_geoip-api-java-r0": 14.520115852355957,
    "maxmind_geoip-api-java-r1": 12.741790056228638,
    "medcl_elasticsearch-analysis-pinyin-r0": 12.539746046066284,
    "medcl_elasticsearch-analysis-pinyin-r1": 9.69434642791748,
    "mojohaus_build-helper-maven-plugin-r0": 5.867407321929932,
    "mojohaus_build-helper-maven-plugin-r1": 5.101254463195801,
    "mojohaus_properties-maven-plugin-r0": 5.755940914154053,
    "mojohaus_properties-maven-plugin-r1": 5.257321357727051,
    "mp911de_logstash-gelf-r0": 21.122331142425537,
    "mp911de_logstash-gelf-r1": 15.788804531097412,
    "mpatric_mp3agic-r0": 13.30536413192749,
    "mpatric_mp3agic-r1": 7.535191297531128,
    "netceteragroup_trema-core-r0": 6.323623180389404,
    "netceteragroup_trema-core-r1": 5.124187707901001,
    "phax_ph-pdf-layout-r0": 6.9598846435546875,
    "phax_ph-pdf-layout-r1": 6.170959949493408,
    "ralscha_extclassgenerator-r0": 4.634528875350952,
    "ralscha_extclassgenerator-r1": 4.144092559814453,
    "red6_pdfcompare-r0": 7.407851219177246,
    "red6_pdfcompare-r1": 7.510395288467407,
    "restfb_restfb-r0": 47.308531522750854,
    "restfb_restfb-r1": 37.81642961502075,
    "steveash_jopenfst-r0": 6.520227432250977,
    "steveash_jopenfst-r1": 5.874157190322876,
    "uwolfer_gerrit-rest-java-client-r0": 18.843207120895386,
    "uwolfer_gerrit-rest-java-client-r1": 16.27366542816162,
    "visenze_visearch-sdk-java-r0": 3.6383492946624756,
    "visenze_visearch-sdk-java-r1": 3.4685356616973877,
    "wmixvideo_nfe-r0": 19.045135974884033,
    "wmixvideo_nfe-r1": 14.428199291229248
}